Datum;Kód zákazníka;Zboží;Kategorie zboží;Tržba;Název dne týdne;Jméno prodávajícího
10.03.2019;SK005;Banány;Tropické ovoce;7 565 Kč;neděle;Eva
11.03.2019;SK003;Banány;Tropické ovoce;8 908 Kč;pondělí;Beáta
12.03.2019;PO001;Banány;Tropické ovoce;11 111 Kč;úterý;Dana
13.03.2019;SK005;Banány;Tropické ovoce;11 150 Kč;středa;Cyril
14.03.2019;SK005;Banány;Tropické ovoce;10 247 Kč;čtvrtek;Cyril
15.03.2019;CZ004;Banány;Tropické ovoce;9 973 Kč;pátek;Cyril
15.03.2019;SK003;Banány;Tropické ovoce;10 083 Kč;pátek;Beáta
15.03.2019;GE003;Banány;Tropické ovoce;10 864 Kč;pátek;Dana
15.03.2019;CZ002;Banány;Tropické ovoce;9 840 Kč;pátek;Beáta
16.03.2019;GE001;Banány;Tropické ovoce;9 008 Kč;sobota;Beáta
16.03.2019;CZ001;Banány;Tropické ovoce;9 224 Kč;sobota;Cyril
17.03.2019;PO003;Banány;Tropické ovoce;9 907 Kč;neděle;Beáta
18.03.2019;CZ004;Banány;Tropické ovoce;10 623 Kč;pondělí;Eva
18.03.2019;CZ005;Banány;Tropické ovoce;11 297 Kč;pondělí;Adam
18.03.2019;SK003;Banány;Tropické ovoce;10 983 Kč;pondělí;Adam
19.03.2019;SK001;Banány;Tropické ovoce;11 070 Kč;úterý;Beáta
19.03.2019;SK004;Banány;Tropické ovoce;9 855 Kč;úterý;Beáta
20.03.2019;SK003;Banány;Tropické ovoce;9 035 Kč;středa;Beáta
20.03.2019;CZ002;Banány;Tropické ovoce;9 714 Kč;středa;Eva
20.03.2019;GE002;Banány;Tropické ovoce;11 938 Kč;středa;Cyril
20.03.2019;PO002;Banány;Tropické ovoce;10 169 Kč;středa;Beáta
20.03.2019;PO002;Banány;Tropické ovoce;10 015 Kč;středa;Beáta
20.03.2019;SK003;Banány;Tropické ovoce;8 404 Kč;středa;Cyril
21.03.2019;CZ005;Banány;Tropické ovoce;8 766 Kč;čtvrtek;Eva
22.03.2019;PO001;Banány;Tropické ovoce;10 383 Kč;pátek;Cyril
24.03.2019;SK005;Banány;Tropické ovoce;10 597 Kč;neděle;Cyril
24.03.2019;PO002;Banány;Tropické ovoce;8 931 Kč;neděle;Eva
24.03.2019;GE001;Banány;Tropické ovoce;9 975 Kč;neděle;Adam
25.03.2019;CZ002;Banány;Tropické ovoce;9 264 Kč;pondělí;Beáta
25.03.2019;PO001;Banány;Tropické ovoce;7 418 Kč;pondělí;Cyril
25.03.2019;SK001;Banány;Tropické ovoce;10 432 Kč;pondělí;Adam
25.03.2019;CZ001;Banány;Tropické ovoce;10 056 Kč;pondělí;Beáta
26.03.2019;SK005;Banány;Tropické ovoce;8 937 Kč;úterý;Beáta
26.03.2019;CZ002;Banány;Tropické ovoce;10 022 Kč;úterý;Eva
27.03.2019;CZ002;Banány;Tropické ovoce;10 140 Kč;středa;Cyril
27.03.2019;CZ005;Banány;Tropické ovoce;8 997 Kč;středa;Beáta
28.03.2019;GE001;Banány;Tropické ovoce;8 809 Kč;čtvrtek;Beáta
29.03.2019;GE001;Banány;Tropické ovoce;10 510 Kč;pátek;Cyril
29.03.2019;SK003;Banány;Tropické ovoce;11 171 Kč;pátek;Beáta
30.03.2019;GE002;Banány;Tropické ovoce;9 086 Kč;sobota;Cyril
31.03.2019;SK002;Banány;Tropické ovoce;9 122 Kč;neděle;Cyril
01.04.2019;CZ003;Banány;Tropické ovoce;10 851 Kč;pondělí;Dana
02.04.2019;PO001;Banány;Tropické ovoce;11 282 Kč;úterý;Cyril
04.04.2019;CZ004;Banány;Tropické ovoce;9 829 Kč;čtvrtek;Beáta
06.04.2019;PO001;Banány;Tropické ovoce;9 425 Kč;sobota;Beáta
06.04.2019;PO001;Banány;Tropické ovoce;10 079 Kč;sobota;Adam
06.04.2019;GE003;Banány;Tropické ovoce;10 189 Kč;sobota;Dana
07.04.2019;GE001;Banány;Tropické ovoce;8 926 Kč;neděle;Beáta
07.04.2019;CZ004;Banány;Tropické ovoce;9 592 Kč;neděle;Eva
09.04.2019;PO001;Banány;Tropické ovoce;9 852 Kč;úterý;Beáta
09.04.2019;CZ002;Banány;Tropické ovoce;9 879 Kč;úterý;Beáta
10.04.2019;PO002;Banány;Tropické ovoce;10 579 Kč;středa;Cyril
10.03.2019;CZ001;Celer;Zelenina;6 516 Kč;neděle;Cyril
11.03.2019;SK003;Celer;Zelenina;5 413 Kč;pondělí;Adam
11.03.2019;CZ001;Celer;Zelenina;9 115 Kč;pondělí;Cyril
12.03.2019;CZ005;Celer;Zelenina;6 754 Kč;úterý;Beáta
13.03.2019;SK003;Celer;Zelenina;7 492 Kč;středa;Adam
14.03.2019;CZ002;Celer;Zelenina;9 018 Kč;čtvrtek;Beáta
15.03.2019;CZ001;Celer;Zelenina;8 938 Kč;pátek;Beáta
15.03.2019;CZ005;Celer;Zelenina;8 540 Kč;pátek;Beáta
16.03.2019;SK004;Celer;Zelenina;7 185 Kč;sobota;Cyril
16.03.2019;PO001;Celer;Zelenina;10 493 Kč;sobota;Eva
19.03.2019;SK005;Celer;Zelenina;8 232 Kč;úterý;Beáta
19.03.2019;CZ001;Celer;Zelenina;9 676 Kč;úterý;Eva
20.03.2019;CZ004;Celer;Zelenina;7 605 Kč;středa;Eva
20.03.2019;CZ004;Celer;Zelenina;5 423 Kč;středa;Beáta
21.03.2019;SK003;Celer;Zelenina;9 005 Kč;čtvrtek;Beáta
21.03.2019;PO001;Celer;Zelenina;8 530 Kč;čtvrtek;Cyril
21.03.2019;CZ003;Celer;Zelenina;7 303 Kč;čtvrtek;Adam
22.03.2019;PO001;Celer;Zelenina;9 136 Kč;pátek;Cyril
22.03.2019;PO002;Celer;Zelenina;7 862 Kč;pátek;Beáta
23.03.2019;PO001;Celer;Zelenina;5 916 Kč;sobota;Beáta
23.03.2019;SK004;Celer;Zelenina;8 310 Kč;sobota;Dana
23.03.2019;PO003;Celer;Zelenina;8 554 Kč;sobota;Cyril
23.03.2019;CZ003;Celer;Zelenina;9 398 Kč;sobota;Beáta
23.03.2019;SK004;Celer;Zelenina;8 469 Kč;sobota;Beáta
25.03.2019;PO001;Celer;Zelenina;7 651 Kč;pondělí;Beáta
25.03.2019;CZ003;Celer;Zelenina;5 956 Kč;pondělí;Beáta
27.03.2019;SK004;Celer;Zelenina;7 749 Kč;středa;Cyril
27.03.2019;PO002;Celer;Zelenina;8 424 Kč;středa;Beáta
28.03.2019;CZ001;Celer;Zelenina;7 930 Kč;čtvrtek;Beáta
28.03.2019;GE001;Celer;Zelenina;10 005 Kč;čtvrtek;Cyril
28.03.2019;SK003;Celer;Zelenina;8 565 Kč;čtvrtek;Cyril
28.03.2019;CZ001;Celer;Zelenina;7 318 Kč;čtvrtek;Beáta
28.03.2019;SK002;Celer;Zelenina;9 367 Kč;čtvrtek;Beáta
28.03.2019;CZ001;Celer;Zelenina;9 136 Kč;čtvrtek;Cyril
29.03.2019;CZ003;Celer;Zelenina;8 275 Kč;pátek;Beáta
29.03.2019;CZ004;Celer;Zelenina;7 982 Kč;pátek;Beáta
30.03.2019;CZ001;Celer;Zelenina;9 462 Kč;sobota;Beáta
30.03.2019;PO003;Celer;Zelenina;9 147 Kč;sobota;Beáta
01.04.2019;PO003;Celer;Zelenina;10 155 Kč;pondělí;Beáta
01.04.2019;CZ002;Celer;Zelenina;7 398 Kč;pondělí;Cyril
02.04.2019;SK005;Celer;Zelenina;8 681 Kč;úterý;Dana
02.04.2019;GE001;Celer;Zelenina;8 204 Kč;úterý;Eva
02.04.2019;SK004;Celer;Zelenina;7 520 Kč;úterý;Cyril
02.04.2019;GE002;Celer;Zelenina;5 719 Kč;úterý;Beáta
03.04.2019;GE001;Celer;Zelenina;8 235 Kč;středa;Adam
03.04.2019;PO001;Celer;Zelenina;9 225 Kč;středa;Beáta
03.04.2019;CZ003;Celer;Zelenina;9 711 Kč;středa;Cyril
04.04.2019;CZ002;Celer;Zelenina;7 864 Kč;čtvrtek;Adam
04.04.2019;GE003;Celer;Zelenina;9 449 Kč;čtvrtek;Beáta
04.04.2019;CZ005;Celer;Zelenina;8 093 Kč;čtvrtek;Beáta
04.04.2019;CZ003;Celer;Zelenina;7 705 Kč;čtvrtek;Beáta
05.04.2019;PO003;Celer;Zelenina;8 505 Kč;pátek;Adam
05.04.2019;GE002;Celer;Zelenina;5 961 Kč;pátek;Cyril
05.04.2019;PO001;Celer;Zelenina;8 291 Kč;pátek;Cyril
05.04.2019;PO001;Celer;Zelenina;7 515 Kč;pátek;Cyril
06.04.2019;CZ001;Celer;Zelenina;8 325 Kč;sobota;Eva
07.04.2019;SK004;Celer;Zelenina;7 757 Kč;neděle;Dana
07.04.2019;SK004;Celer;Zelenina;9 736 Kč;neděle;Cyril
08.04.2019;GE001;Celer;Zelenina;8 889 Kč;pondělí;Eva
08.04.2019;SK003;Celer;Zelenina;9 101 Kč;pondělí;Eva
08.04.2019;SK002;Celer;Zelenina;8 082 Kč;pondělí;Cyril
09.04.2019;PO003;Celer;Zelenina;8 068 Kč;úterý;Cyril
11.04.2019;PO003;Celer;Zelenina;8 882 Kč;čtvrtek;Beáta
13.03.2019;SK002;Citron;Ovoce;7 420 Kč;středa;Cyril
13.03.2019;PO002;Citron;Ovoce;6 518 Kč;středa;Eva
13.03.2019;GE001;Citron;Ovoce;9 907 Kč;středa;Beáta
14.03.2019;SK005;Citron;Ovoce;8 922 Kč;čtvrtek;Beáta
14.03.2019;SK004;Citron;Ovoce;7 041 Kč;čtvrtek;Adam
15.03.2019;SK001;Citron;Ovoce;8 554 Kč;pátek;Adam
15.03.2019;GE003;Citron;Ovoce;4 505 Kč;pátek;Beáta
16.03.2019;SK005;Citron;Ovoce;7 951 Kč;sobota;Beáta
17.03.2019;SK003;Citron;Ovoce;8 030 Kč;neděle;Beáta
17.03.2019;CZ003;Citron;Ovoce;6 521 Kč;neděle;Beáta
18.03.2019;CZ001;Citron;Ovoce;6 873 Kč;pondělí;Beáta
19.03.2019;SK003;Citron;Ovoce;6 918 Kč;úterý;Dana
20.03.2019;SK002;Citron;Ovoce;9 993 Kč;středa;Beáta
21.03.2019;PO001;Citron;Ovoce;6 534 Kč;čtvrtek;Beáta
21.03.2019;CZ005;Citron;Ovoce;6 636 Kč;čtvrtek;Beáta
22.03.2019;CZ004;Citron;Ovoce;7 927 Kč;pátek;Dana
22.03.2019;GE003;Citron;Ovoce;7 683 Kč;pátek;Beáta
22.03.2019;CZ002;Citron;Ovoce;7 762 Kč;pátek;Eva
22.03.2019;SK003;Citron;Ovoce;9 558 Kč;pátek;Beáta
24.03.2019;GE001;Citron;Ovoce;7 385 Kč;neděle;Beáta
24.03.2019;SK001;Citron;Ovoce;7 761 Kč;neděle;Cyril
24.03.2019;SK002;Citron;Ovoce;8 161 Kč;neděle;Beáta
25.03.2019;SK003;Citron;Ovoce;5 498 Kč;pondělí;Adam
25.03.2019;PO001;Citron;Ovoce;5 492 Kč;pondělí;Cyril
26.03.2019;PO002;Citron;Ovoce;7 547 Kč;úterý;Beáta
26.03.2019;SK002;Citron;Ovoce;7 597 Kč;úterý;Beáta
27.03.2019;PO003;Citron;Ovoce;7 774 Kč;středa;Beáta
28.03.2019;SK001;Citron;Ovoce;7 337 Kč;čtvrtek;Beáta
29.03.2019;GE003;Citron;Ovoce;7 653 Kč;pátek;Cyril
29.03.2019;GE001;Citron;Ovoce;6 513 Kč;pátek;Beáta
29.03.2019;CZ004;Citron;Ovoce;7 488 Kč;pátek;Beáta
30.03.2019;PO003;Citron;Ovoce;6 075 Kč;sobota;Cyril
30.03.2019;GE003;Citron;Ovoce;8 554 Kč;sobota;Beáta
31.03.2019;CZ002;Citron;Ovoce;9 796 Kč;neděle;Cyril
31.03.2019;CZ001;Citron;Ovoce;8 417 Kč;neděle;Beáta
01.04.2019;SK001;Citron;Ovoce;7 710 Kč;pondělí;Beáta
02.04.2019;SK003;Citron;Ovoce;6 454 Kč;úterý;Beáta
02.04.2019;CZ002;Citron;Ovoce;8 927 Kč;úterý;Dana
02.04.2019;CZ001;Citron;Ovoce;8 882 Kč;úterý;Beáta
03.04.2019;SK002;Citron;Ovoce;7 975 Kč;středa;Beáta
03.04.2019;CZ003;Citron;Ovoce;6 581 Kč;středa;Beáta
04.04.2019;PO003;Citron;Ovoce;5 737 Kč;čtvrtek;Cyril
04.04.2019;GE003;Citron;Ovoce;8 929 Kč;čtvrtek;Beáta
05.04.2019;SK003;Citron;Ovoce;7 387 Kč;pátek;Eva
06.04.2019;PO003;Citron;Ovoce;8 692 Kč;sobota;Beáta
07.04.2019;SK005;Citron;Ovoce;7 251 Kč;neděle;Cyril
07.04.2019;SK002;Citron;Ovoce;8 316 Kč;neděle;Beáta
07.04.2019;CZ004;Citron;Ovoce;9 050 Kč;neděle;Adam
08.04.2019;GE001;Citron;Ovoce;9 613 Kč;pondělí;Dana
08.04.2019;PO003;Citron;Ovoce;8 817 Kč;pondělí;Cyril
09.04.2019;PO003;Citron;Ovoce;5 329 Kč;úterý;Dana
10.04.2019;CZ005;Citron;Ovoce;7 392 Kč;středa;Beáta
10.04.2019;CZ004;Citron;Ovoce;7 938 Kč;středa;Beáta
10.04.2019;GE003;Citron;Ovoce;8 274 Kč;středa;Beáta
10.04.2019;SK004;Citron;Ovoce;6 675 Kč;středa;Beáta
10.04.2019;CZ003;Citron;Ovoce;7 535 Kč;středa;Beáta
10.03.2019;SK002;Jablka;Ovoce;6 798 Kč;neděle;Beáta
11.03.2019;PO001;Jablka;Ovoce;10 473 Kč;pondělí;Eva
12.03.2019;CZ001;Jablka;Ovoce;9 357 Kč;úterý;Adam
12.03.2019;CZ004;Jablka;Ovoce;8 168 Kč;úterý;Beáta
13.03.2019;SK004;Jablka;Ovoce;8 029 Kč;středa;Beáta
13.03.2019;GE002;Jablka;Ovoce;8 959 Kč;středa;Beáta
14.03.2019;CZ005;Jablka;Ovoce;8 112 Kč;čtvrtek;Beáta
14.03.2019;GE001;Jablka;Ovoce;7 760 Kč;čtvrtek;Eva
15.03.2019;GE002;Jablka;Ovoce;7 555 Kč;pátek;Beáta
15.03.2019;SK004;Jablka;Ovoce;8 945 Kč;pátek;Beáta
15.03.2019;SK001;Jablka;Ovoce;8 567 Kč;pátek;Cyril
16.03.2019;SK005;Jablka;Ovoce;10 063 Kč;sobota;Cyril
17.03.2019;CZ004;Jablka;Ovoce;8 028 Kč;neděle;Dana
17.03.2019;PO003;Jablka;Ovoce;9 416 Kč;neděle;Beáta
18.03.2019;GE002;Jablka;Ovoce;8 703 Kč;pondělí;Beáta
18.03.2019;PO003;Jablka;Ovoce;9 653 Kč;pondělí;Eva
18.03.2019;GE002;Jablka;Ovoce;7 427 Kč;pondělí;Dana
19.03.2019;CZ005;Jablka;Ovoce;7 577 Kč;úterý;Beáta
19.03.2019;CZ002;Jablka;Ovoce;7 955 Kč;úterý;Dana
22.03.2019;PO003;Jablka;Ovoce;5 635 Kč;pátek;Cyril
22.03.2019;SK005;Jablka;Ovoce;8 554 Kč;pátek;Beáta
22.03.2019;PO003;Jablka;Ovoce;8 707 Kč;pátek;Cyril
22.03.2019;SK002;Jablka;Ovoce;7 162 Kč;pátek;Eva
22.03.2019;CZ004;Jablka;Ovoce;7 914 Kč;pátek;Beáta
25.03.2019;PO003;Jablka;Ovoce;7 846 Kč;pondělí;Eva
26.03.2019;SK005;Jablka;Ovoce;9 709 Kč;úterý;Beáta
26.03.2019;CZ004;Jablka;Ovoce;5 205 Kč;úterý;Cyril
28.03.2019;SK003;Jablka;Ovoce;7 679 Kč;čtvrtek;Dana
28.03.2019;GE002;Jablka;Ovoce;8 784 Kč;čtvrtek;Adam
28.03.2019;CZ001;Jablka;Ovoce;8 461 Kč;čtvrtek;Eva
29.03.2019;CZ003;Jablka;Ovoce;8 469 Kč;pátek;Beáta
31.03.2019;PO003;Jablka;Ovoce;8 036 Kč;neděle;Cyril
31.03.2019;PO001;Jablka;Ovoce;8 275 Kč;neděle;Cyril
31.03.2019;PO002;Jablka;Ovoce;7 136 Kč;neděle;Beáta
01.04.2019;PO001;Jablka;Ovoce;7 637 Kč;pondělí;Beáta
02.04.2019;CZ004;Jablka;Ovoce;9 103 Kč;úterý;Beáta
03.04.2019;PO002;Jablka;Ovoce;7 883 Kč;středa;Beáta
04.04.2019;PO002;Jablka;Ovoce;7 337 Kč;čtvrtek;Beáta
04.04.2019;PO002;Jablka;Ovoce;7 553 Kč;čtvrtek;Dana
04.04.2019;GE002;Jablka;Ovoce;8 537 Kč;čtvrtek;Adam
05.04.2019;SK005;Jablka;Ovoce;8 194 Kč;pátek;Beáta
05.04.2019;SK003;Jablka;Ovoce;8 980 Kč;pátek;Beáta
05.04.2019;SK004;Jablka;Ovoce;9 214 Kč;pátek;Beáta
05.04.2019;PO001;Jablka;Ovoce;7 213 Kč;pátek;Beáta
07.04.2019;CZ005;Jablka;Ovoce;8 729 Kč;neděle;Dana
08.04.2019;CZ002;Jablka;Ovoce;7 336 Kč;pondělí;Adam
08.04.2019;GE001;Jablka;Ovoce;7 816 Kč;pondělí;Eva
08.04.2019;CZ005;Jablka;Ovoce;8 067 Kč;pondělí;Adam
08.04.2019;CZ005;Jablka;Ovoce;8 497 Kč;pondělí;Beáta
08.04.2019;PO002;Jablka;Ovoce;9 211 Kč;pondělí;Eva
09.04.2019;SK004;Jablka;Ovoce;9 093 Kč;úterý;Cyril
09.04.2019;SK005;Jablka;Ovoce;7 600 Kč;úterý;Dana
10.04.2019;GE002;Jablka;Ovoce;9 401 Kč;středa;Dana
10.04.2019;CZ004;Jablka;Ovoce;8 191 Kč;středa;Adam
10.04.2019;SK005;Jablka;Ovoce;8 160 Kč;středa;Beáta
11.04.2019;SK001;Jablka;Ovoce;7 568 Kč;čtvrtek;Beáta
13.03.2019;SK003;Melouny;Tropické ovoce;11 055 Kč;středa;Cyril
14.03.2019;SK004;Melouny;Tropické ovoce;9 271 Kč;čtvrtek;Beáta
14.03.2019;SK005;Melouny;Tropické ovoce;8 136 Kč;čtvrtek;Beáta
14.03.2019;SK004;Melouny;Tropické ovoce;9 174 Kč;čtvrtek;Dana
15.03.2019;CZ003;Melouny;Tropické ovoce;9 519 Kč;pátek;Cyril
15.03.2019;CZ001;Melouny;Tropické ovoce;9 186 Kč;pátek;Beáta
16.03.2019;CZ003;Melouny;Tropické ovoce;8 818 Kč;sobota;Beáta
16.03.2019;PO002;Melouny;Tropické ovoce;10 064 Kč;sobota;Beáta
16.03.2019;PO003;Melouny;Tropické ovoce;11 475 Kč;sobota;Cyril
16.03.2019;CZ003;Melouny;Tropické ovoce;10 430 Kč;sobota;Beáta
16.03.2019;SK002;Melouny;Tropické ovoce;10 309 Kč;sobota;Beáta
17.03.2019;GE001;Melouny;Tropické ovoce;10 557 Kč;neděle;Beáta
17.03.2019;SK004;Melouny;Tropické ovoce;11 232 Kč;neděle;Beáta
18.03.2019;CZ004;Melouny;Tropické ovoce;11 280 Kč;pondělí;Beáta
21.03.2019;GE003;Melouny;Tropické ovoce;10 507 Kč;čtvrtek;Beáta
21.03.2019;SK001;Melouny;Tropické ovoce;8 604 Kč;čtvrtek;Dana
21.03.2019;SK005;Melouny;Tropické ovoce;7 580 Kč;čtvrtek;Dana
22.03.2019;PO001;Melouny;Tropické ovoce;10 771 Kč;pátek;Beáta
22.03.2019;PO001;Melouny;Tropické ovoce;9 091 Kč;pátek;Beáta
22.03.2019;PO001;Melouny;Tropické ovoce;8 828 Kč;pátek;Adam
24.03.2019;GE001;Melouny;Tropické ovoce;10 900 Kč;neděle;Eva
24.03.2019;GE002;Melouny;Tropické ovoce;9 509 Kč;neděle;Beáta
24.03.2019;GE001;Melouny;Tropické ovoce;10 210 Kč;neděle;Cyril
24.03.2019;CZ005;Melouny;Tropické ovoce;10 458 Kč;neděle;Cyril
24.03.2019;GE001;Melouny;Tropické ovoce;8 580 Kč;neděle;Eva
26.03.2019;CZ004;Melouny;Tropické ovoce;9 122 Kč;úterý;Beáta
27.03.2019;GE001;Melouny;Tropické ovoce;10 883 Kč;středa;Beáta
28.03.2019;SK004;Melouny;Tropické ovoce;11 153 Kč;čtvrtek;Dana
28.03.2019;GE003;Melouny;Tropické ovoce;10 828 Kč;čtvrtek;Cyril
28.03.2019;CZ002;Melouny;Tropické ovoce;7 449 Kč;čtvrtek;Cyril
28.03.2019;SK002;Melouny;Tropické ovoce;11 282 Kč;čtvrtek;Beáta
29.03.2019;PO001;Melouny;Tropické ovoce;10 420 Kč;pátek;Cyril
30.03.2019;SK003;Melouny;Tropické ovoce;10 442 Kč;sobota;Beáta
30.03.2019;SK001;Melouny;Tropické ovoce;8 981 Kč;sobota;Beáta
30.03.2019;GE003;Melouny;Tropické ovoce;10 500 Kč;sobota;Beáta
31.03.2019;GE003;Melouny;Tropické ovoce;9 702 Kč;neděle;Beáta
01.04.2019;PO002;Melouny;Tropické ovoce;12 030 Kč;pondělí;Beáta
03.04.2019;GE001;Melouny;Tropické ovoce;10 852 Kč;středa;Beáta
03.04.2019;PO001;Melouny;Tropické ovoce;9 505 Kč;středa;Cyril
03.04.2019;CZ001;Melouny;Tropické ovoce;9 170 Kč;středa;Dana
03.04.2019;CZ001;Melouny;Tropické ovoce;10 803 Kč;středa;Beáta
04.04.2019;CZ005;Melouny;Tropické ovoce;10 006 Kč;čtvrtek;Cyril
05.04.2019;CZ005;Melouny;Tropické ovoce;9 603 Kč;pátek;Beáta
06.04.2019;CZ001;Melouny;Tropické ovoce;9 849 Kč;sobota;Beáta
07.04.2019;SK004;Melouny;Tropické ovoce;9 492 Kč;neděle;Beáta
08.04.2019;SK004;Melouny;Tropické ovoce;10 272 Kč;pondělí;Cyril
08.04.2019;PO001;Melouny;Tropické ovoce;11 015 Kč;pondělí;Dana
09.04.2019;CZ005;Melouny;Tropické ovoce;9 077 Kč;úterý;Beáta
10.04.2019;PO003;Melouny;Tropické ovoce;10 185 Kč;středa;Beáta
10.04.2019;SK002;Melouny;Tropické ovoce;10 400 Kč;středa;Beáta
10.04.2019;PO002;Melouny;Tropické ovoce;11 098 Kč;středa;Beáta
11.04.2019;CZ003;Melouny;Tropické ovoce;9 203 Kč;čtvrtek;Dana
12.03.2019;SK002;Mrkev;Zelenina;6 093 Kč;úterý;Cyril
13.03.2019;GE001;Mrkev;Zelenina;8 354 Kč;středa;Eva
14.03.2019;PO003;Mrkev;Zelenina;5 885 Kč;čtvrtek;Beáta
14.03.2019;PO001;Mrkev;Zelenina;7 533 Kč;čtvrtek;Beáta
15.03.2019;GE001;Mrkev;Zelenina;7 723 Kč;pátek;Dana
15.03.2019;SK001;Mrkev;Zelenina;7 779 Kč;pátek;Beáta
15.03.2019;GE003;Mrkev;Zelenina;7 977 Kč;pátek;Adam
16.03.2019;SK003;Mrkev;Zelenina;7 809 Kč;sobota;Cyril
17.03.2019;PO001;Mrkev;Zelenina;5 976 Kč;neděle;Beáta
17.03.2019;PO002;Mrkev;Zelenina;6 741 Kč;neděle;Cyril
18.03.2019;SK003;Mrkev;Zelenina;5 976 Kč;pondělí;Beáta
18.03.2019;SK003;Mrkev;Zelenina;5 732 Kč;pondělí;Cyril
18.03.2019;CZ003;Mrkev;Zelenina;7 356 Kč;pondělí;Cyril
18.03.2019;CZ004;Mrkev;Zelenina;7 792 Kč;pondělí;Beáta
18.03.2019;SK002;Mrkev;Zelenina;6 445 Kč;pondělí;Cyril
19.03.2019;GE003;Mrkev;Zelenina;7 090 Kč;úterý;Dana
19.03.2019;SK005;Mrkev;Zelenina;6 841 Kč;úterý;Eva
19.03.2019;CZ002;Mrkev;Zelenina;6 843 Kč;úterý;Adam
19.03.2019;CZ001;Mrkev;Zelenina;8 913 Kč;úterý;Dana
20.03.2019;CZ001;Mrkev;Zelenina;7 296 Kč;středa;Beáta
20.03.2019;SK001;Mrkev;Zelenina;6 009 Kč;středa;Dana
20.03.2019;GE001;Mrkev;Zelenina;5 965 Kč;středa;Beáta
20.03.2019;CZ001;Mrkev;Zelenina;3 929 Kč;středa;Cyril
21.03.2019;PO001;Mrkev;Zelenina;7 848 Kč;čtvrtek;Dana
22.03.2019;CZ005;Mrkev;Zelenina;7 637 Kč;pátek;Adam
22.03.2019;PO002;Mrkev;Zelenina;6 235 Kč;pátek;Dana
24.03.2019;SK001;Mrkev;Zelenina;5 752 Kč;neděle;Beáta
24.03.2019;GE003;Mrkev;Zelenina;8 616 Kč;neděle;Adam
24.03.2019;SK001;Mrkev;Zelenina;6 359 Kč;neděle;Beáta
26.03.2019;GE002;Mrkev;Zelenina;7 009 Kč;úterý;Cyril
27.03.2019;SK005;Mrkev;Zelenina;6 652 Kč;středa;Cyril
28.03.2019;CZ004;Mrkev;Zelenina;5 952 Kč;čtvrtek;Cyril
29.03.2019;CZ003;Mrkev;Zelenina;6 397 Kč;pátek;Beáta
30.03.2019;SK002;Mrkev;Zelenina;7 462 Kč;sobota;Adam
30.03.2019;CZ001;Mrkev;Zelenina;7 789 Kč;sobota;Dana
31.03.2019;GE001;Mrkev;Zelenina;5 730 Kč;neděle;Cyril
31.03.2019;CZ001;Mrkev;Zelenina;5 868 Kč;neděle;Cyril
31.03.2019;SK004;Mrkev;Zelenina;6 494 Kč;neděle;Dana
02.04.2019;SK001;Mrkev;Zelenina;6 802 Kč;úterý;Adam
03.04.2019;CZ003;Mrkev;Zelenina;7 436 Kč;středa;Adam
03.04.2019;GE002;Mrkev;Zelenina;5 661 Kč;středa;Beáta
05.04.2019;SK002;Mrkev;Zelenina;5 705 Kč;pátek;Beáta
05.04.2019;SK001;Mrkev;Zelenina;7 228 Kč;pátek;Beáta
05.04.2019;SK001;Mrkev;Zelenina;7 460 Kč;pátek;Beáta
05.04.2019;GE001;Mrkev;Zelenina;6 295 Kč;pátek;Cyril
06.04.2019;SK003;Mrkev;Zelenina;5 848 Kč;sobota;Dana
06.04.2019;GE002;Mrkev;Zelenina;7 291 Kč;sobota;Cyril
06.04.2019;SK005;Mrkev;Zelenina;5 677 Kč;sobota;Adam
07.04.2019;SK003;Mrkev;Zelenina;7 727 Kč;neděle;Dana
07.04.2019;PO001;Mrkev;Zelenina;5 291 Kč;neděle;Beáta
07.04.2019;CZ002;Mrkev;Zelenina;7 814 Kč;neděle;Beáta
08.04.2019;SK002;Mrkev;Zelenina;6 728 Kč;pondělí;Dana
08.04.2019;SK001;Mrkev;Zelenina;6 979 Kč;pondělí;Beáta
08.04.2019;SK003;Mrkev;Zelenina;6 890 Kč;pondělí;Beáta
08.04.2019;PO001;Mrkev;Zelenina;6 082 Kč;pondělí;Adam
09.04.2019;PO001;Mrkev;Zelenina;5 523 Kč;úterý;Cyril
09.04.2019;PO003;Mrkev;Zelenina;4 362 Kč;úterý;Beáta
10.04.2019;CZ005;Mrkev;Zelenina;7 454 Kč;středa;Beáta
10.04.2019;GE002;Mrkev;Zelenina;7 802 Kč;středa;Eva
10.04.2019;GE003;Mrkev;Zelenina;5 986 Kč;středa;Cyril
10.03.2019;SK005;Papriky;Zelenina;6 902 Kč;neděle;Beáta
11.03.2019;SK001;Papriky;Zelenina;6 926 Kč;pondělí;Cyril
12.03.2019;SK001;Papriky;Zelenina;8 935 Kč;úterý;Adam
13.03.2019;PO003;Papriky;Zelenina;7 418 Kč;středa;Beáta
13.03.2019;CZ002;Papriky;Zelenina;10 583 Kč;středa;Beáta
14.03.2019;SK003;Papriky;Zelenina;9 768 Kč;čtvrtek;Beáta
14.03.2019;CZ002;Papriky;Zelenina;9 755 Kč;čtvrtek;Cyril
14.03.2019;GE002;Papriky;Zelenina;9 466 Kč;čtvrtek;Beáta
14.03.2019;SK002;Papriky;Zelenina;9 469 Kč;čtvrtek;Beáta
14.03.2019;CZ001;Papriky;Zelenina;7 416 Kč;čtvrtek;Beáta
14.03.2019;PO001;Papriky;Zelenina;9 254 Kč;čtvrtek;Cyril
14.03.2019;PO002;Papriky;Zelenina;6 579 Kč;čtvrtek;Beáta
15.03.2019;GE002;Papriky;Zelenina;8 339 Kč;pátek;Beáta
16.03.2019;CZ001;Papriky;Zelenina;9 713 Kč;sobota;Beáta
16.03.2019;CZ001;Papriky;Zelenina;8 030 Kč;sobota;Eva
16.03.2019;CZ002;Papriky;Zelenina;8 221 Kč;sobota;Beáta
17.03.2019;PO001;Papriky;Zelenina;9 050 Kč;neděle;Cyril
17.03.2019;GE002;Papriky;Zelenina;9 220 Kč;neděle;Beáta
18.03.2019;CZ003;Papriky;Zelenina;7 697 Kč;pondělí;Beáta
19.03.2019;PO003;Papriky;Zelenina;8 401 Kč;úterý;Dana
19.03.2019;SK002;Papriky;Zelenina;7 635 Kč;úterý;Dana
20.03.2019;GE003;Papriky;Zelenina;7 390 Kč;středa;Beáta
20.03.2019;CZ003;Papriky;Zelenina;7 362 Kč;středa;Eva
21.03.2019;SK001;Papriky;Zelenina;7 423 Kč;čtvrtek;Cyril
21.03.2019;SK003;Papriky;Zelenina;9 607 Kč;čtvrtek;Beáta
23.03.2019;CZ002;Papriky;Zelenina;8 960 Kč;sobota;Beáta
24.03.2019;CZ002;Papriky;Zelenina;9 408 Kč;neděle;Dana
25.03.2019;SK004;Papriky;Zelenina;7 698 Kč;pondělí;Dana
25.03.2019;SK005;Papriky;Zelenina;10 206 Kč;pondělí;Cyril
25.03.2019;CZ005;Papriky;Zelenina;8 194 Kč;pondělí;Beáta
26.03.2019;CZ003;Papriky;Zelenina;9 503 Kč;úterý;Cyril
26.03.2019;SK001;Papriky;Zelenina;10 639 Kč;úterý;Cyril
26.03.2019;CZ005;Papriky;Zelenina;9 751 Kč;úterý;Adam
28.03.2019;PO003;Papriky;Zelenina;9 449 Kč;čtvrtek;Beáta
29.03.2019;SK004;Papriky;Zelenina;8 452 Kč;pátek;Eva
29.03.2019;PO003;Papriky;Zelenina;8 617 Kč;pátek;Eva
30.03.2019;GE003;Papriky;Zelenina;8 271 Kč;sobota;Beáta
31.03.2019;SK003;Papriky;Zelenina;7 956 Kč;neděle;Cyril
31.03.2019;PO002;Papriky;Zelenina;7 611 Kč;neděle;Beáta
31.03.2019;GE001;Papriky;Zelenina;9 528 Kč;neděle;Beáta
31.03.2019;SK004;Papriky;Zelenina;9 605 Kč;neděle;Beáta
31.03.2019;GE002;Papriky;Zelenina;7 415 Kč;neděle;Beáta
02.04.2019;SK002;Papriky;Zelenina;8 907 Kč;úterý;Beáta
02.04.2019;SK003;Papriky;Zelenina;7 809 Kč;úterý;Cyril
02.04.2019;CZ005;Papriky;Zelenina;8 238 Kč;úterý;Dana
02.04.2019;PO003;Papriky;Zelenina;8 950 Kč;úterý;Beáta
02.04.2019;GE002;Papriky;Zelenina;7 531 Kč;úterý;Eva
02.04.2019;CZ003;Papriky;Zelenina;8 950 Kč;úterý;Dana
03.04.2019;PO002;Papriky;Zelenina;7 374 Kč;středa;Beáta
03.04.2019;GE003;Papriky;Zelenina;9 242 Kč;středa;Beáta
03.04.2019;SK004;Papriky;Zelenina;5 843 Kč;středa;Beáta
05.04.2019;CZ004;Papriky;Zelenina;7 684 Kč;pátek;Cyril
06.04.2019;CZ004;Papriky;Zelenina;7 414 Kč;sobota;Beáta
06.04.2019;SK002;Papriky;Zelenina;8 957 Kč;sobota;Beáta
06.04.2019;CZ002;Papriky;Zelenina;8 808 Kč;sobota;Cyril
06.04.2019;GE001;Papriky;Zelenina;9 942 Kč;sobota;Adam
06.04.2019;GE002;Papriky;Zelenina;7 578 Kč;sobota;Beáta
07.04.2019;GE001;Papriky;Zelenina;9 594 Kč;neděle;Beáta
08.04.2019;CZ003;Papriky;Zelenina;9 729 Kč;pondělí;Cyril
09.04.2019;PO003;Papriky;Zelenina;9 769 Kč;úterý;Beáta
09.04.2019;GE001;Papriky;Zelenina;8 014 Kč;úterý;Beáta
09.04.2019;PO001;Papriky;Zelenina;8 833 Kč;úterý;Cyril
10.04.2019;GE003;Papriky;Zelenina;8 396 Kč;středa;Dana
10.04.2019;SK005;Papriky;Zelenina;8 047 Kč;středa;Cyril
11.04.2019;SK004;Papriky;Zelenina;8 082 Kč;čtvrtek;Beáta
11.04.2019;SK001;Papriky;Zelenina;8 233 Kč;čtvrtek;Dana
12.03.2019;GE002;Pomeranče;Ovoce;14 637 Kč;úterý;Beáta
12.03.2019;CZ001;Pomeranče;Ovoce;12 441 Kč;úterý;Dana
13.03.2019;SK005;Pomeranče;Ovoce;12 013 Kč;středa;Dana
13.03.2019;GE002;Pomeranče;Ovoce;12 541 Kč;středa;Beáta
14.03.2019;CZ002;Pomeranče;Ovoce;12 201 Kč;čtvrtek;Eva
14.03.2019;SK005;Pomeranče;Ovoce;11 510 Kč;čtvrtek;Cyril
15.03.2019;GE001;Pomeranče;Ovoce;9 027 Kč;pátek;Eva
15.03.2019;SK002;Pomeranče;Ovoce;11 957 Kč;pátek;Beáta
16.03.2019;CZ002;Pomeranče;Ovoce;9 587 Kč;sobota;Cyril
17.03.2019;SK003;Pomeranče;Ovoce;9 968 Kč;neděle;Dana
18.03.2019;CZ002;Pomeranče;Ovoce;7 047 Kč;pondělí;Beáta
18.03.2019;SK004;Pomeranče;Ovoce;10 589 Kč;pondělí;Cyril
18.03.2019;CZ002;Pomeranče;Ovoce;13 023 Kč;pondělí;Beáta
20.03.2019;PO001;Pomeranče;Ovoce;10 733 Kč;středa;Beáta
20.03.2019;PO001;Pomeranče;Ovoce;11 854 Kč;středa;Eva
20.03.2019;GE001;Pomeranče;Ovoce;14 282 Kč;středa;Beáta
21.03.2019;CZ005;Pomeranče;Ovoce;9 019 Kč;čtvrtek;Cyril
21.03.2019;SK004;Pomeranče;Ovoce;13 447 Kč;čtvrtek;Adam
22.03.2019;SK001;Pomeranče;Ovoce;9 323 Kč;pátek;Beáta
22.03.2019;CZ003;Pomeranče;Ovoce;10 309 Kč;pátek;Beáta
24.03.2019;CZ005;Pomeranče;Ovoce;10 529 Kč;neděle;Beáta
24.03.2019;CZ004;Pomeranče;Ovoce;10 004 Kč;neděle;Beáta
24.03.2019;CZ002;Pomeranče;Ovoce;14 284 Kč;neděle;Beáta
25.03.2019;SK003;Pomeranče;Ovoce;13 374 Kč;pondělí;Adam
25.03.2019;SK005;Pomeranče;Ovoce;15 028 Kč;pondělí;Beáta
25.03.2019;SK004;Pomeranče;Ovoce;7 042 Kč;pondělí;Dana
26.03.2019;SK001;Pomeranče;Ovoce;13 044 Kč;úterý;Dana
27.03.2019;SK003;Pomeranče;Ovoce;8 808 Kč;středa;Beáta
27.03.2019;GE002;Pomeranče;Ovoce;7 683 Kč;středa;Beáta
28.03.2019;PO003;Pomeranče;Ovoce;14 889 Kč;čtvrtek;Beáta
28.03.2019;PO002;Pomeranče;Ovoce;9 829 Kč;čtvrtek;Adam
28.03.2019;SK002;Pomeranče;Ovoce;10 151 Kč;čtvrtek;Adam
29.03.2019;CZ004;Pomeranče;Ovoce;10 011 Kč;pátek;Cyril
30.03.2019;SK004;Pomeranče;Ovoce;10 104 Kč;sobota;Beáta
30.03.2019;GE001;Pomeranče;Ovoce;10 303 Kč;sobota;Dana
30.03.2019;PO002;Pomeranče;Ovoce;10 755 Kč;sobota;Cyril
30.03.2019;SK004;Pomeranče;Ovoce;13 271 Kč;sobota;Beáta
31.03.2019;SK003;Pomeranče;Ovoce;9 063 Kč;neděle;Beáta
31.03.2019;CZ004;Pomeranče;Ovoce;9 882 Kč;neděle;Cyril
31.03.2019;CZ003;Pomeranče;Ovoce;13 116 Kč;neděle;Beáta
03.04.2019;CZ004;Pomeranče;Ovoce;13 432 Kč;středa;Beáta
04.04.2019;SK003;Pomeranče;Ovoce;12 867 Kč;čtvrtek;Cyril
05.04.2019;SK005;Pomeranče;Ovoce;12 043 Kč;pátek;Adam
06.04.2019;PO001;Pomeranče;Ovoce;8 065 Kč;sobota;Cyril
06.04.2019;CZ004;Pomeranče;Ovoce;12 198 Kč;sobota;Eva
08.04.2019;PO002;Pomeranče;Ovoce;11 170 Kč;pondělí;Beáta
09.04.2019;PO001;Pomeranče;Ovoce;9 252 Kč;úterý;Cyril
10.03.2019;CZ001;Rajčata;Zelenina;6 266 Kč;neděle;Cyril
11.03.2019;CZ005;Rajčata;Zelenina;10 143 Kč;pondělí;Cyril
12.03.2019;GE002;Rajčata;Zelenina;9 092 Kč;úterý;Beáta
13.03.2019;CZ003;Rajčata;Zelenina;8 953 Kč;středa;Dana
13.03.2019;SK004;Rajčata;Zelenina;7 576 Kč;středa;Beáta
14.03.2019;SK003;Rajčata;Zelenina;8 880 Kč;čtvrtek;Cyril
14.03.2019;CZ004;Rajčata;Zelenina;8 408 Kč;čtvrtek;Beáta
15.03.2019;GE003;Rajčata;Zelenina;9 214 Kč;pátek;Beáta
15.03.2019;PO003;Rajčata;Zelenina;8 916 Kč;pátek;Beáta
16.03.2019;GE002;Rajčata;Zelenina;7 417 Kč;sobota;Cyril
17.03.2019;GE003;Rajčata;Zelenina;7 764 Kč;neděle;Dana
18.03.2019;SK001;Rajčata;Zelenina;7 884 Kč;pondělí;Beáta
18.03.2019;SK004;Rajčata;Zelenina;8 644 Kč;pondělí;Cyril
18.03.2019;PO003;Rajčata;Zelenina;7 304 Kč;pondělí;Adam
18.03.2019;GE003;Rajčata;Zelenina;8 760 Kč;pondělí;Eva
19.03.2019;SK002;Rajčata;Zelenina;8 159 Kč;úterý;Beáta
20.03.2019;SK005;Rajčata;Zelenina;9 644 Kč;středa;Beáta
21.03.2019;CZ005;Rajčata;Zelenina;8 723 Kč;čtvrtek;Cyril
24.03.2019;CZ002;Rajčata;Zelenina;9 350 Kč;neděle;Adam
24.03.2019;PO001;Rajčata;Zelenina;9 448 Kč;neděle;Beáta
25.03.2019;SK005;Rajčata;Zelenina;9 810 Kč;pondělí;Cyril
27.03.2019;CZ003;Rajčata;Zelenina;9 298 Kč;středa;Beáta
27.03.2019;CZ001;Rajčata;Zelenina;9 577 Kč;středa;Cyril
28.03.2019;CZ003;Rajčata;Zelenina;9 073 Kč;čtvrtek;Beáta
28.03.2019;CZ004;Rajčata;Zelenina;7 318 Kč;čtvrtek;Beáta
28.03.2019;SK001;Rajčata;Zelenina;9 465 Kč;čtvrtek;Adam
28.03.2019;CZ002;Rajčata;Zelenina;9 002 Kč;čtvrtek;Cyril
31.03.2019;CZ003;Rajčata;Zelenina;9 212 Kč;neděle;Adam
01.04.2019;CZ002;Rajčata;Zelenina;9 044 Kč;pondělí;Beáta
01.04.2019;GE001;Rajčata;Zelenina;8 918 Kč;pondělí;Cyril
02.04.2019;SK005;Rajčata;Zelenina;9 261 Kč;úterý;Beáta
02.04.2019;CZ004;Rajčata;Zelenina;9 132 Kč;úterý;Beáta
02.04.2019;SK004;Rajčata;Zelenina;10 120 Kč;úterý;Beáta
02.04.2019;GE001;Rajčata;Zelenina;7 687 Kč;úterý;Beáta
03.04.2019;SK005;Rajčata;Zelenina;10 471 Kč;středa;Beáta
03.04.2019;PO002;Rajčata;Zelenina;5 606 Kč;středa;Beáta
05.04.2019;CZ001;Rajčata;Zelenina;8 466 Kč;pátek;Cyril
05.04.2019;SK003;Rajčata;Zelenina;7 607 Kč;pátek;Beáta
05.04.2019;CZ004;Rajčata;Zelenina;9 514 Kč;pátek;Cyril
05.04.2019;GE001;Rajčata;Zelenina;9 727 Kč;pátek;Beáta
05.04.2019;GE003;Rajčata;Zelenina;8 548 Kč;pátek;Beáta
06.04.2019;SK003;Rajčata;Zelenina;9 512 Kč;sobota;Beáta
06.04.2019;PO002;Rajčata;Zelenina;10 140 Kč;sobota;Eva
08.04.2019;CZ005;Rajčata;Zelenina;7 923 Kč;pondělí;Adam
09.04.2019;CZ003;Rajčata;Zelenina;8 394 Kč;úterý;Cyril
10.04.2019;SK004;Rajčata;Zelenina;9 475 Kč;středa;Cyril
10.04.2019;GE003;Rajčata;Zelenina;8 224 Kč;středa;Beáta
